profile_image_url_https,screen_name,name,full_text,note_tweet_text,tweeted_at,tweet_url
"https://pbs.twimg.com/profile_images/1739433740722651136/Y3A155FN_normal.jpg","j_kun_ml","J","Claude Code × Nanobanana Skillsでスライド生成したら、クォリティが一発でほぼ完成版のコンサルレベルだったのでやり方を解説。↓ https://t.co/DmjFMrgxtM","Claude Code × Nanobanana Skillsでスライド生成したら、クォリティが一発でほぼ完成版のコンサルレベルだったのでやり方を解説。↓　　　　　　　　　　　　　　　　　　　　　　　　　　　　　　　　　　　　　　　　　　　　　　　　　　　　　　　　　　　　　　　　　　　　　　　　　　　　　　　　　　　　　　　　　　　　　　　　　　　　　　　

引用ポストが公表だったので、コーディング以外のClaude Codeの使い方を詳しく解説してみます。
まずは「Claude Code × Nanobanana Skillsでスライド生成」。
実験してみた結果、MCPよりSkillsが安定した。

✅️やり方
１）Cursorで適当なフォルダを開く
２）summary .mdみたいなマークダウンファイルで、スライド化したい内容をCursorと相談しながら書く
３）.claude/skillsフォルダに、gemini_image .pyのような、NanobananaのAPIを叩くPythonファイルでClaude CodeのSkillsファイルを作成
４）以下に記載のプロンプトでClaude Codeを実行

基本的にはNotebookLMを使うのが良いと思いますが、自分でもっとプロンプトをコントロールしたい方、NotebookLMに課金したくない方向け。

✅️プロンプト
```
summary .md を読んだ上で、Nanobanana Proの画像生成skillsを並列で実行して、以下の通りスタートアップピッチ資料を作成して。

１）直列：スタートアップピッチ資料の構成を考える。出力は、それぞれのスライドの中身。
２）直列：ピッチ資料のデザインの雰囲気を統一するため、それぞれのスライドに記載するデザインの統一プロンプト（詳細に5行くらい）を作成
３）並列：それぞれのスライドについて、画像生成プロンプトを作成
４）並列：それぞれのスライドについて、画像生成のskillsを実行（出力：./{今日の日付}-pitch-deck-slide-{# number} .png）

スライドは16:9のワイドaspect ratioで。スライドはすべてモダンなシリコンバレースタイルで投資したくなるプロフェッショナルな資料。
デザインの統一プロンプトを作成する時はexample .comにアクセスしてテーマカラーなどを確定する。全てのスライドは日本語で記載することを明示して。

ロゴ： logo .png
アイコン： icon .png
```","2025-12-17T11:12:42.000Z","https://x.com/j_kun_ml/status/2001249186914992139"
"https://pbs.twimg.com/profile_images/1739433740722651136/Y3A155FN_normal.jpg","j_kun_ml","J","シリコンバレーFAANG(旧GAFA)会社内部でのバイブコーディングの仕方について英語圏で話題。↓","シリコンバレーFAANG(旧GAFA)会社内部でのバイブコーディングの仕方について英語圏で話題。↓　　　　　　　　　　　　　　　　　　　　　　　　　　　　　　　　　　　　　　　　　　　　　　　　　　　　　　　　　　　　　　　　　　　　　　　　　　　　　　　　　　　　　　　　　　　　　　　　　　　　　　　　　　　

「仕様書→テストファイル→アプリ実装」の順。

やはりテスト駆動開発。

私も口を酸っぱくして言い続けてるけど、AI駆動開発はプロフェッショナルになればなるほどテスト駆動開発一択です。

趣味の個人開発なら不要です。ただ、本気で1,000人、10,000人に使われる「お金を稼ぐ」ソフトウェアにしたいなら必須の考え方。
複雑なロジックに対してAIが一発で正解しますか？
バグ取りのため何回も人間フィードバックの往復で本当に良いですか？
テスト駆動開発は厳正な品質管理だけでなく高い開発効率に寄与する。

AIに明確な正誤判定を与えてください。

↓↓↓和訳↓↓↓

「いつも最初に始めるのはテクニカルデザイン文書（Technical Design Document）です。ここで仕事の大部分が行われます。デザイン文書は最初、提案文書（Proposal Doc）として始まります。十分なステークホルダー（関係者）に『この提案には価値がある』と納得してもらえれば、次にシステムデザインそのものを詳細に展開していきます。全体のアーキテクチャや他チームとの統合などもここに含まれます。開発に本格的に着手する前にデザイン審査（Design Review）があります。ここではシニアエンジニアたちに自分のデザイン文書を徹底的にボコボコにされます。これは良いことです。私はこれを『痛みを前倒しにする』と考えています。審査をパスしたら、ようやく開発作業に着手できます。最初の数週間は、個別の開発チームが担当する各サブシステムについて、さらに詳細なドキュメントを作成します。バックログ作成とスプリント計画。ここで開発者はPM（プロダクトマネージャー）やTPM（テクニカルプログラムマネージャー）と協力して、個々の開発者が担当する具体的なタスクとその順序を決めていきます。ソフトウェア開発。ようやくここでキーボードに手を置いて、タスクチケットをガンガン片付け始められます。ここでAIが強力な倍増要因（force multiplier）になっています。私たちはテスト駆動開発（Test Driven Development）を使っているので、まずAIコーディングエージェントに自分が作ろうとしている機能のテストを先に書いてもらいます。それができてから、エージェントを使って機能本体を実装し始めます。コード提出レビュー。コードを本番ブランチ（main）にマージする前には、2人の開発者による承認プロセスがあります。ここでもAIがレビュー支援で大きな可能性を見せています。ステージング環境でのテスト。ステージングが問題なければ、本番環境（prod）にデプロイします。」","2025-12-16T22:45:00.000Z","https://x.com/j_kun_ml/status/2001061022346699117"
"https://pbs.twimg.com/profile_images/1865525730311798785/k2grRlxz_normal.jpg","tegnike","ニケちゃん","すごい、私も良く迷うんだけどこれは大変わかりやすい

ドラゴンを倒して覚える Claude Code - Command, Skill, Subagent, Rules の違いと使い分け｜Ryosuke Miyamoto https://t.co/TmhBlwAKaE #zenn","","2025-12-16T12:38:49.000Z","https://x.com/tegnike/status/2000908470183215568"
"https://pbs.twimg.com/profile_images/1957490792601456640/Z2aPsuaY_normal.jpg","oikon48","Oikon","Claude Code 2.0.72 から Chromeが操作できるようになりました。

/chrome コマンドでStatusとExtensionが有効になっていることを確認した上で、ブラウザ操作をお願いすると、MCPツール(mcp__claude-in-chrome__) を使用してブラウザを操作してくれます。

claude --chrome でも有効にできます。 https://t.co/rqXMuEaqXu","","2025-12-18T00:36:01.000Z","https://x.com/oikon48/status/2001451347380703258"
"https://pbs.twimg.com/profile_images/1823762835371114496/7K6yH27K_normal.jpg","sawyerhood","Sawyer Hood","Or take a peak at the simple source here! https://t.co/YRQeSqjtrA","","2025-12-10T20:21:18.000Z","https://x.com/sawyerhood/status/1998850533088805243"
"https://pbs.twimg.com/profile_images/1823762835371114496/7K6yH27K_normal.jpg","sawyerhood","Sawyer Hood","Coding agents suck at using a browser. 

Playwright MCP burns through your context window before you even send your first prompt.

That is why I built Dev Browser, a Claude Skill to let your agent close the loop without eating up tokens. https://t.co/wufLNZGSpg","","2025-12-10T20:21:16.000Z","https://x.com/sawyerhood/status/1998850525228683606"
"https://pbs.twimg.com/profile_images/1741785203377647616/bdG9RE8Q_normal.jpg","m3m0r7","めもりー","Claude Code でコード書いて push → Code Rabbit にレビューしてもらう → Claude Code に gh コマンドでレビューを取得して直させる→... っていうループでの開発が捗るな","","2025-12-16T14:30:53.000Z","https://x.com/m3m0r7/status/2000936673497243836"
"https://pbs.twimg.com/profile_images/1858051944801251328/9-YktFN8_normal.jpg","kosuke_agos","Kosuke","Google DeepMindのCEOデミス・ハサビス氏が語る「AIの限界」が衝撃的です。

彼は、AIには事実上「限界がない」と確信しており、人間を単なる「生物学的情報処理システム」と定義しています。

既存の生命観を根底から覆すそのビジョン。

彼の驚くべき見解を3つのポイントにまとめました。

1. https://t.co/ie57jiaO2D","Google DeepMindのCEOデミス・ハサビス氏が語る「AIの限界」が衝撃的です。

彼は、AIには事実上「限界がない」と確信しており、人間を単なる「生物学的情報処理システム」と定義しています。

既存の生命観を根底から覆すそのビジョン。

彼の驚くべき見解を3つのポイントにまとめました。

1. 宇宙は「計算可能」である
ハサビス氏は「宇宙全体が計算可能（Computable）である」という前提で動いています。存在するあらゆるものは機械でモデル化でき、十分に強力なコンピューター（チューリングマシン）があれば、現実のあらゆる側面を完璧にシミュレートできると考えています。

2. 人間は「生物学的情報処理システム」
感情や感覚さえも、例外ではありません。光の暖かさを感じたり、雑踏の音を聞いたりする体験も、脳が処理する情報の形式に過ぎないと彼は断言します。生物学的な現象はすべてデータとして還元され、解析可能になるという徹底した情報中心の人間観です。

3. 物理法則以外に限界はない
物理学的に計算不可能であると証明されない限り、AIは「あらゆる問題」を解決できると彼は信じています。生命を情報として解読することで、すべての病気の治療を含む、人類が抱える最も複雑な課題さえも解決可能になるという確信があります。","2025-12-17T08:02:09.000Z","https://x.com/kosuke_agos/status/2001201234997608674"
"https://pbs.twimg.com/profile_images/1927362910562508800/NTLbupqx_normal.jpg","_fbbp","ゆー / fbbp","Claude Skillsがある限りAnthropic経済圏ではコンテキスト食う観点から旨味がなさそうだとなった為、最近は手元のMCPをひたすらClaude Code Skillsに置き換えて遅延読み込みする奴をやっています🫠","","2025-12-16T13:41:50.000Z","https://x.com/_fbbp/status/2000924330210025500"
"https://pbs.twimg.com/profile_images/1326716175175147526/uM7aGegN_normal.jpg","hisaju01","ひさじゅ@RUNTEQの代表","エンジニアがプライベートに勉強するとかもう考え方が古いです。古すぎます。

今は、クライアントワークの副業やるか、個人開発でマネタイズを狙うか、OSSやコミュニティ活動するなど、アウトプットではなく学習しながらアウトカムを狙うのが常識です。

閉じこもって学習してても何にもなりません。","","2025-12-16T15:01:29.000Z","https://x.com/hisaju01/status/2000944375875137708"
"https://pbs.twimg.com/profile_images/1997485121939836928/OWkVJvSJ_normal.jpg","koumei_ai5566","こうめい | AI副業で20万","これはヤバいよ！
Manusが1.6になって、たった10分でスマホアプリ作れた！

アプリ作ってすぐに自分のスマホに実装できる！
QRコードで誰でも共有できるからマネタイズポイントも作りやすい。

これってアイデアさえあれば100万単位のビジネスになる！！！

興奮が止まらない！！！ https://t.co/j6Dg1Hp6XB","これはヤバいよ！
Manusが1.6になって、たった10分でスマホアプリ作れた！

アプリ作ってすぐに自分のスマホに実装できる！
QRコードで誰でも共有できるからマネタイズポイントも作りやすい。

これってアイデアさえあれば100万単位のビジネスになる！！！

興奮が止まらない！！！

ちなみに今回のプロンプトは、Manusのサンプルにあったこれだけ👇
毎日のワークアウトログ、チェックイン、および進捗追跡をサポートするフィットネストラッキングアプリを設計する。","2025-12-15T21:56:09.000Z","https://x.com/koumei_ai5566/status/2000686339839434933"
"https://pbs.twimg.com/profile_images/1739433740722651136/Y3A155FN_normal.jpg","j_kun_ml","J","マジで海外で売れてるtoCアプリ、オンボーディングのUXがだいたい神がかってる。

例えばYutori AIのScoutsとかこんな感じで、他と一線を画す雰囲気感がすごい。↓ https://t.co/BlIuu6kXs7","","2025-12-16T10:33:03.000Z","https://x.com/j_kun_ml/status/2000876823174119485"
"https://pbs.twimg.com/profile_images/1724709108820135936/cJy6bMIl_normal.jpg","hokazuya","ホーダチ-Hodatsu | LLM Researcher × AI Engineer","素晴らしい実践。読んだ方が良き。

特にここらへん(要約させてもらった

LLM（言語モデル）の性質（前提）
1. LLMは非決定的で揺らぎがある（同じプロンプトでも結果が変わる）。  

2. 与えられた情報をすべて正として扱う性質があり、誤ったコンテキストがそのまま反映される危険がある。  

3.","素晴らしい実践。読んだ方が良き。

特にここらへん(要約させてもらった

LLM（言語モデル）の性質（前提）
1. LLMは非決定的で揺らぎがある（同じプロンプトでも結果が変わる）。  

2. 与えられた情報をすべて正として扱う性質があり、誤ったコンテキストがそのまま反映される危険がある。  

3. プロンプトを増やすと未知は減るが矛盾が増える。  

4. 要約や推論は得意ではないことがあるため、人間のチェックが必要。 

ここらが体感できると、LLMを用いたアプリや、エージェントアプリを作るときに、
「どのようにLLMの推論を分割し」
「どのようにVerifyすると」
精度、性能が共存できるか、などの指標になる

実践フルAIコーディング｜erukiti https://t.co/ehy4UAMvaF #zenn","2025-12-15T23:46:07.000Z","https://x.com/hokazuya/status/2000714017221013652"
"https://pbs.twimg.com/profile_images/1739433740722651136/Y3A155FN_normal.jpg","j_kun_ml","J","Claude CodeにAI × テスト駆動開発させて、実装完了した部分をCodexにレビュー依頼すると強い。

「ズルしてない？」
「実際のAPI無視でモック作ってテスト誤魔化してない？」
「助長なコード、無駄な関数はない？」
「開発ルールと合致してる？」

この辺の観点でレビューさせる。","","2025-12-16T10:10:04.000Z","https://x.com/j_kun_ml/status/2000871039904137479"
"https://pbs.twimg.com/profile_images/1042611424369864704/Vdq78CFJ_normal.jpg","impress_watch","Impress Watch","グーグルのAIブラウザ「Disco」　複雑な作業をAIが支援 https://t.co/tvHyTvrKsB https://t.co/637WK2RBY2","","2025-12-16T03:09:08.000Z","https://x.com/impress_watch/status/2000765108579131960"
"https://pbs.twimg.com/profile_images/2516420116/img_1269312_63029012_0_normal.jpg","okd61807313","絶望エンジニア36","令和の新3大知らないおじさん。
・Git知らないおじさん
・Markdown知らないおじさん
・JSON知らないおじさん
知らないことは悪じゃない。
ここまで業界内でデファクトスタンダード化してる技術を学ぼうとしない姿勢が悪なんだ。","","2025-12-16T03:06:00.000Z","https://x.com/okd61807313/status/2000764317294075961"
"https://pbs.twimg.com/profile_images/1903416970193907712/iV_j8UH3_normal.jpg","hp_yancy_dev","HPYancyDev","@kodak_jp 同じ悩みを持ってたんですけど、この記事を読んで少し改善し始めました。

https://t.co/V0Tp3Nwhc4

脳のメモリの10〜20パーセントを「自身の観察」に割り当てるというのが、かなり刺さりました","","2025-12-15T18:17:19.000Z","https://x.com/hp_yancy_dev/status/2000631268934103398"
"https://pbs.twimg.com/profile_images/1938415717852041216/OT3cEueQ_normal.jpg","takahiroanno","安野貴博＠チームみらい","ざっくり要旨は下記です。 https://t.co/GgRw1ZINLq","ざっくり要旨は下記です。

AI事業者（開発者・提供者）に対し、使用モデルや学習データの概要、ログ管理などの透明性確保と、著作権尊重・侵害生成防止・救済窓口整備等の知的財産権保護を求める指針。法的拘束力や罰則はないが、原則を実施しない場合には理由と対応方針を説明・公表する方式を採用し、受入れ状況は一覧化される。訴訟時の判断、補助金等、将来の政策インセンティブと連動し得る

原案はこちら
https://t.co/HiuerovDqa","2025-12-13T10:50:25.000Z","https://x.com/takahiroanno/status/1999794026778710054"
"https://pbs.twimg.com/profile_images/1970113358079930368/hsQeX-aX_normal.jpg","ethann_AI","イーサン","年収180万の底辺社畜から月100万稼ぐためにガチでやめてよかったこと

①人力での作業
ただの縛りプレイ。 時間と脳のエネルギーは有限。作業は極限までAIに外注して脳みそ温存した。

②労働型の副業","年収180万の底辺社畜から月100万稼ぐためにガチでやめてよかったこと

①人力での作業
ただの縛りプレイ。 時間と脳のエネルギーは有限。作業は極限までAIに外注して脳みそ温存した。

②労働型の副業
転売、ポイ活、低単価クライアントワークとかで寿命の安売りするのやめた。毎月100万〜を稼ぐなら「資産（仕組み）を作る」ことに命を使えばいい。

③無料情報のつまみ食い
体系化された情報に課金して先人の知恵と時間を買う。これが最短ルート。迷ってる時間が人生で一番高いコストやと気づいた。

④完璧主義
初心者が唸って出した100点より、 AIで爆速で作った60点を市場に出す方が100倍価値がある。質は量からしか生まれん（AIならこの概念覆せる）。

⑤意志力に頼ること
人間の意志なんてゴミ。モチベなんて山の天気と同じ。未来の自分を過信せず基準値の高いコミュニティに飛び込んだ。「やる気」に頼らず「やるしかない環境」に身を置いたら稼げるようになった。

余計なもの手放して正しい努力すれば月100万は余裕で稼げる","2025-12-15T06:28:32.000Z","https://x.com/ethann_AI/status/2000452899412062546"
"https://pbs.twimg.com/profile_images/2000014542638870528/myC0pmcF_normal.jpg","ai_nepro","ねぷろ","正直、このAI知らんくて毎月9000円ムダにしてた、、 https://t.co/0ts8hpJ7nm","正直、このAI知らんくて毎月9000円ムダにしてた、、                                                                                                                                                                                                                                         

できればAIに課金したくない…でも効率は上げたい…って思ってたときに見つけたのが、「天秤.AI」ってやつ。

同じ質問を最大6つのAI（GPT-5.1、Claude4.5、Gemini3.0など）に同時投げできて、1秒で6パターンの回答がズラッと並ぶ。しかも無料w

半年前から使ってみたけど、

•リール台本は6パターン瞬間生成
•アイデアの幅は勝手に6倍UP
•ハルシネーション（嘘）を比較で潰せる

課金するのはちょっとな…って思ってる人は、まずこれ触ってみるのがオススメ。

詳細はリプ欄に置いとくよ⇩","2025-12-15T07:42:24.000Z","https://x.com/ai_nepro/status/2000471487799857633"
"https://pbs.twimg.com/profile_images/1552262697852366848/KJN34d9n_normal.jpg","denfaminicogame","電ファミニコゲーマー","ITエンジニア向けの技術書籍サブスク「TechLib」がサービス開始。数百以上の開発書や資格書が、月額3080円で読み放題
https://t.co/5Mm7PUTLYR

「プログラミング言語」や「サーバ・クラウドサービス」「AI・人工知能」まで、さまざまなジャンルの技術書籍が読める。10日間の無料トライアルも用意 https://t.co/fUDHSLNL1T","","2025-12-15T14:30:55.000Z","https://x.com/denfaminicogame/status/2000574293307277764"
"https://pbs.twimg.com/profile_images/1964939181194723328/Pbic4Gop_normal.jpg","shtrchkw","たろ🐻‍❄️","■ エンジニアが年収600万を超える方法

・タスクは「期待より早く」終わらせる
・成果物に＋αの提案がある
・不明点を曖昧にしないで即確認
・「できません」で思考停止しない
・テストやドキュメントも手を抜かない
・進捗を可視化して周囲に安心感を与える

派手なスキルより、","■ エンジニアが年収600万を超える方法

・タスクは「期待より早く」終わらせる
・成果物に＋αの提案がある
・不明点を曖昧にしないで即確認
・「できません」で思考停止しない
・テストやドキュメントも手を抜かない
・進捗を可視化して周囲に安心感を与える

派手なスキルより、
こういう仕事の姿勢が積み上がって
評価と年収は上がっていく。

「給料が上がらない」の前に、
評価される行動を全部やってるか？は一度見直したほうがいい。","2025-12-14T11:32:09.000Z","https://x.com/shtrchkw/status/2000166919987773843"
"https://pbs.twimg.com/profile_images/1985549918396907520/52bkXNMA_normal.jpg","azukiazusa9","azukiazusa","Cursor こんな面白い感じになってたのなら早く教えてよ https://t.co/0r3CwlANni","","2025-12-14T07:24:06.000Z","https://x.com/azukiazusa9/status/2000104496018710908"
"https://pbs.twimg.com/profile_images/1717438589066448896/7Y_XLFrG_normal.jpg","0b1tk","トビ / KazuhiroTobita","CursorのVisual Editorを試している。
Figmaとの決定的な違いは「実装ベースでDOM要素を直接いじれること」かなと思う。

デザインの案出し段階よりかは、Fixしたものが実装に渡るときに、エディタ見ながらスタイルを微調整するのによさそう。 https://t.co/f23oNqp3Cu","","2025-12-15T01:11:55.000Z","https://x.com/0b1tk/status/2000373221905014973"
"https://pbs.twimg.com/profile_images/1887681133531496448/QgpCjXcC_normal.jpg","_nogu66","nogu","2025年末は分岐点。

Claude Skillsを「一度でも作った人」か「知らないまま年を越す人」かで、来年の開発体験は別物になる。

初級編「体験」

まずは公式のskill-creatorスキルを使って、最初のスキルを作成する。
目標は、「AIに仕事を教える」という感覚を掴むこと。

中級編「実践」 https://t.co/BO3gwR42zf","2025年末は分岐点。

Claude Skillsを「一度でも作った人」か「知らないまま年を越す人」かで、来年の開発体験は別物になる。

初級編「体験」

まずは公式のskill-creatorスキルを使って、最初のスキルを作成する。
目標は、「AIに仕事を教える」という感覚を掴むこと。

中級編「実践」

自分のための便利スキル（デバッグ、リファクタリング等）をゼロから設計する。
目標は、descriptionを磨き込み、トリガー精度を90%以上に高めること。

上級編「スケール」

作成したスキルをHooksやSub-agentと連携させ、開発ワークフローに組み込む。
目標はスキルをチームで共有し、組織の「手続き的知識」をコード化する。

最低でも初級編は年内に触れておかないとヤバい。
来年をこれまでと同じように迎えるかどうかはあなた次第。","2025-12-14T09:18:10.000Z","https://x.com/_nogu66/status/2000133200689897578"
"https://pbs.twimg.com/profile_images/1997985292142403584/s0haYiO8_normal.jpg","kabu_nare","30代マネージャーの備忘録。","これ、疲労の正体が
「作業量」じゃなくて
未処理情報の滞留だという話ですよね。

人は何もしていなくても
・未返信
・未判断
・未完了
を抱えているだけで、
脳のリソースを常時消耗する。

疲れている人ほど休む前に
体ではなく「未処理」を片づける必要がある。","","2025-12-14T08:04:12.000Z","https://x.com/kabu_nare/status/2000114586125767115"
"https://pbs.twimg.com/profile_images/1998444126220722176/dyIC44t-_normal.jpg","kenn","Kenn Ejima","ワイの知ってる生産性高いひとの共通点は

プロジェクト管理ツールやTODOリストを使ってない

ことです

やるべきことを言語化しすぎると認知負荷が高い

大事なのはむしろ「捨てる・忘れるのが簡単なこと」

ただのテキストファイル1枚で十分 https://t.co/m0NFUWbmWk","","2025-12-15T06:40:59.000Z","https://x.com/kenn/status/2000456034410983720"
"https://pbs.twimg.com/profile_images/1913938856124252160/mdIgs9_Z_normal.jpg","Trash8ware","ああ@エンジニアもどき","フロントとバック書けるだけでフルスタックって言うの何故。フロントとバックにインフラとモバイルまでできてフルスタックでしょ。とフルスタックエンジニアの紹介を見る度に思う。","","2025-12-15T05:04:17.000Z","https://x.com/Trash8ware/status/2000431698094460992"
"https://pbs.twimg.com/profile_images/1338732185457573888/RczATbgt_normal.png","NazologyInfo","ナゾロジー@科学ニュースメディア","スキルの上達は練習中ではなく「頻繁な休憩」で起きる
https://t.co/zNZfRelFpe

スキルの上達には休憩も必要です。米NINDSの研究によると、休憩中に脳は練習内容を20倍の速度で何度も再生しているという。素早い上達を目指すならがむしゃらに練習するより、適度な休憩が重要なようです。 https://t.co/ImQ9D8nxCI","","2025-12-14T04:02:00.000Z","https://x.com/NazologyInfo/status/2000053634235773179"
"https://pbs.twimg.com/profile_images/1887681133531496448/QgpCjXcC_normal.jpg","_nogu66","nogu","Claudeコミュニティで、サブエージェントをどこまで信頼して任せるべきか？」という問いを投げかけた。

結果として、多くの示唆に富んだ意見が集まったのでご紹介します。

特に印象的だったのは、
・サブエージェントは単なる並列処理のための存在ではない https://t.co/vSHvoE8blU","Claudeコミュニティで、サブエージェントをどこまで信頼して任せるべきか？」という問いを投げかけた。

結果として、多くの示唆に富んだ意見が集まったのでご紹介します。

特に印象的だったのは、
・サブエージェントは単なる並列処理のための存在ではない
・一方で、出力品質が低かった場合の手戻りリスクは無視できない
という、期待と警戒が同時に語られていた点です。

議論を見ると、サブエージェントが有効に機能しているケースは次の３つに分けられます。

1, リサーチと情報収集
これはサブエージェントをリサーチ専用として活用しています。
・依存しているライブラリの最新コード
・オンラインドキュメント
・プロジェクト固有の「過去の教訓」をまとめた資料

こうした情報をサブエージェントに読み込ませ、メインエージェントが実装に集中できる形でコンテキストを要約させる、という使い方です。

「サブエージェントは、私が使っているフレームワークやサービスに即した形で、メインの実装エージェントに渡すべき文脈を調査してくれる」

人間が時間をかけてやっていた事前調査を切り出して自動化している点が特徴的です。

2, タスクの分担と専門化

より踏み込んだマルチエージェント構成を実践しているい圏もありました。

・Claude：主となる実装・タスク遂行
・Codex / DeepSeek：コードレビュー、論理チェック
・Haiku / Sonnet：security-monitor（不審な挙動の監視）
、file-organizer（ファイル整理・構成チェック）

それぞれに明確な役割を与え、API経由で連携させる構成です。

これは、「新しいマイクロサービス的な発想」と表現されていました。

万能な1体を作るのではなく、単機能なエージェントを組み合わせて全体の堅牢性を上げるという思想です。

3, ダブルチェックによる品質向上
「サブエージェントの出力を信用しきれない」という懸念に対して、最も直接的な回答がこのアプローチでした。

Claudeが生成した成果物を、Codexが外部レビュー
↓
複数モデルに同じタスクを検証させる

さらに紹介されていたのが 「The Council」 というプロジェクトです。

10のAIモデルが、「生成→フィードバック→投票→統合」というプロセスを9ラウンド繰り返し、単一モデルより高品質な回答を作る仕組みになっています。

サブエージェントを「信頼のための仕組み」として使う好例と言えるでしょう。

一方で、議論の中では明確な警告も共有されていました。

信頼性の限界を理解する。

印象的な言葉がありました。

「エージェントは、完全に単純で日常的なタスクには向いている。だが、複雑なものを任せるべきではない」

「俳句は書けても、叙事詩（Opus）は任せられない」という比喩は、サブエージェントの限界を端的に表しています。

別の方の運用では、「計画→コード→判断」の最終確認は必ず人間が行う設計になっています。

サブエージェントは強力な補助輪であって、最終責任まで委ねる存在ではない、というスタンスです。

高性能モデルを使ったサブエージェントは、簡単に大量のトークンを消費します。

価値の高いリサーチ → 高性能モデル

常時監視・軽作業 → 軽量モデル（Haikuなど）

タスクの重さに応じてモデルを分ける設計が、実運用では重要になると感じました。

今回の議論から見えてきたのは、サブエージェントは「並列化のための道具ではなく、役割分担と検証を前提とした仕組み」として使うことで真価を発揮する、という点です。

1, 単純なタスクに限定する
2, 複数エージェントで検証させる
3, 最終判断は人間が行う

この3点を組み合わせることで、手戻りリスクを抑えながら、生産性を大きく引き上げることが可能になります。

サブエージェントを「信じ切る」のではなく、専門知識を持つアシスタントチームとして設計し、監督する。

それが、現時点での最も現実的で強い使い方だと感じました。","2025-12-14T14:19:47.000Z","https://x.com/_nogu66/status/2000209107115253803"
"https://pbs.twimg.com/profile_images/1428916440430563330/enj3IdyT_normal.jpg","andante9394","Andanteにょ","@yu_cat222 自分の場合、単に怠惰な日常が続いた時にこれ起きるから、何かに打ち込んでみると解消する","","2025-12-13T15:59:42.000Z","https://x.com/andante9394/status/1999871862889918858"
"https://pbs.twimg.com/profile_images/1520708069570715650/3zfSWDuB_normal.jpg","nbykos","NOBU","Grokの出力が3D寄りになった結果、ピクセルアート風がインディーゲームっぽいピクセレーションされた3Dのスタイルになって、めっちゃ好みの出力になった。これは楽しい。
空間の物体の動きは明らかに3Dなんだけど、素材感がピクセルアート風。良い。 https://t.co/fp3C97ABq2","","2025-12-14T06:22:02.000Z","https://x.com/nbykos/status/2000088877642780865"
"https://pbs.twimg.com/profile_images/1887681133531496448/QgpCjXcC_normal.jpg","_nogu66","nogu","Claude Code 、詳しい人に聞きたいんですが

これって技術的に可能ですか？ https://t.co/FZGfkXf82m","","2025-12-14T09:31:53.000Z","https://x.com/_nogu66/status/2000136651570577557"
"https://pbs.twimg.com/profile_images/1765706549824221184/N0yR_7Sj_normal.jpg","SuguruKun_ai","すぐる | ChatGPTガチ勢 𝕏","違いました。
ㅤ
Manthan Guptasさんの調査：
「Spoiler alert: There is no RAG used」
ㅤ
じゃあ何を使ってるのか？
ㅤ
推測：
・コンテキストウィンドウ内に直接埋め込み
・システムプロンプトの一部として注入
・Fine-tuning的なアプローチ
ㅤ
詳細は画像で解説されてる","","2025-12-12T00:00:29.000Z","https://x.com/SuguruKun_ai/status/1999268079323480115"
"https://pbs.twimg.com/profile_images/1998444126220722176/dyIC44t-_normal.jpg","kenn","Kenn Ejima","「ChatGPTの記憶システムをリバースエンジニアリングしてわかったこと」の記事が興味深かったので翻訳：

ChatGPTに「僕のこと覚えてる？」って聞いたら、名前、職業、興味、目標、日常の習慣まで含めて33個もの事実を普通に挙げてきた。

正直ちょっと怖い。でも同時にこう思った。","「ChatGPTの記憶システムをリバースエンジニアリングしてわかったこと」の記事が興味深かったので翻訳：

ChatGPTに「僕のこと覚えてる？」って聞いたら、名前、職業、興味、目標、日常の習慣まで含めて33個もの事実を普通に挙げてきた。

正直ちょっと怖い。でも同時にこう思った。

・どこに保存されてる？
・どうやって呼び出してる？
・なんでこんなに自然に“覚えてる感じ”がする？

調べてみると、ChatGPTは「記憶」を1つの仕組みでやってるわけじゃない。毎回のリクエストで、こんなコンテキストを組み立ててモデルに渡している。

1. システム指示（安全性・ルール）
2. 開発者指示（挙動の制約）
3. セッションメタデータ
4. 永続ユーザーメモリ
5. 過去会話の要約
6. 現在の会話履歴
7. 今回のユーザー入力

この中で「記憶っぽさ」を作ってるのは主に3〜6。

まずセッションメタデータ。これは

・デバイス
・ブラウザ
・おおまかな地域
・利用傾向

みたいな短期情報。セッションが終われば消える。永続的には保存されない。

次に、いわゆる「覚えてる」部分。永続ユーザーメモリ。ここには

・名前
・職業
・目標
・興味

みたいな長期的な事実が入る。
ただし何でも保存されるわけじゃない。

・ユーザーが明示的に「覚えて」と言った
・安定した事実として繰り返し出てくる

こういう場合だけ。

しかも重要なのは、これを“思い出してる”んじゃないこと。毎回のプロンプトに最初から自動で注入されてる。だから別の会話でも自然に使える。

次が、過去会話の要約。ChatGPTは過去の会話全文を全部持ってない。代わりに

・何を話していたか
・どんな文脈だったか

を軽い要約として保持している。細かい言い回しは忘れるけど、話題の流れは覚えてる、あの感じ。

最後が、今このスレッドの会話。

トークン制限までフルで使われて、古いものから順に消えていく。

まとめると、ChatGPTの「記憶」は

・短期の環境情報
・長期のユーザー事実
・過去会話の要約
・現在の会話

これを毎回組み合わせて文脈を再構築している。だから
データベース検索っぽくもなく、人間の記憶っぽくも見える。

結論。

ChatGPTは「覚えている」わけじゃない。毎回“覚えているように振る舞える文脈”を作り直しているだけ。

これが、ChatGPTの記憶が自然に感じる理由。","2025-12-12T02:03:31.000Z","https://x.com/kenn/status/1999299042959065275"
"https://pbs.twimg.com/profile_images/1948881143677550602/bo8bbwdJ_normal.jpg","FFBuncho","ふくぶん(Fukubun)","ちなみに、Workspaceに踏み切ったきっかけはこちらのnoteです。セキュリティやAI学習に不安が有る方はご一読をおすすめします。

https://t.co/bDTsm9uDT7","","2025-12-11T11:25:06.000Z","https://x.com/FFBuncho/status/1999077981864812673"
"https://pbs.twimg.com/profile_images/1973311534291144704/sbydrfrt_normal.jpg","7_eito_7","えいと","【ついに謎が解明】ChatGPTの会話内容を保存するメモリ機能の仕組みを解明した人物が、今世界中で話題になっています。実は、この構造を理解するだけで出力が10倍良くなります。多くの人は「過去の会話を全部RAGで検索している」と信じていますが、内部はまったく違う、もっとシンプルでした👇 https://t.co/0kQbgCYoK6","","2025-12-11T07:26:40.000Z","https://x.com/7_eito_7/status/1999017976541134920"
"https://pbs.twimg.com/profile_images/1996504647100686336/Xts34-Nh_normal.jpg","m2ai_jp","ミーツ｜元GoogleのAI活用","Hooks, Subagentsを使いまくるとCLAUDE .mdへの負担が増大して制御が困難になる。.claude/rules/でCLAUDE .mdの用途を明示して区分することで、意図通りにClaude Codeを制御できるように

ありがたいアップデート🙏 https://t.co/1sIhTghggd","","2025-12-10T09:21:56.000Z","https://x.com/m2ai_jp/status/1998684597739995277"
"https://pbs.twimg.com/profile_images/1957490792601456640/Z2aPsuaY_normal.jpg","oikon48","Oikon","【Day9】Claude Skills + Subagents
#claude_code_advent_calendar
 
SkillsとSubagentsの使い分けは、「知識やワークフローの提供」と「専門タスクの実行」の観点で考えると良い。相互に補完し合う関係にあり、連携することも可能。
 
SubagentsにはYAMLフロントマターで`skills` https://t.co/ZEbDSbzjmv","【Day9】Claude Skills + Subagents
#claude_code_advent_calendar
 
SkillsとSubagentsの使い分けは、「知識やワークフローの提供」と「専門タスクの実行」の観点で考えると良い。相互に補完し合う関係にあり、連携することも可能。
 
SubagentsにはYAMLフロントマターで`skills` を定義可能。例えば画像のように、フルスタック用のSubagentsに、特定の2つのSkillsを定義できる。ここで定義されたSkillsは、Subagents起動時に自動的にコンテキストにロードされる。","2025-12-09T11:04:00.000Z","https://x.com/oikon48/status/1998347895431397638"
"https://pbs.twimg.com/profile_images/1877884089430384640/9dZI9FiD_normal.jpg","AriyoshiMd","Nobuhiro Ariyoshi MD","脳が「どれくらい疲れているか」は主観ではなく、かなり生物学的な現象として説明できるところまで来ている

・考え続けると、前頭葉にグルタミン酸などの代謝産物がたまり「これ以上やるコスパ悪い」と脳が判断 https://t.co/AonFR2T4vJ","脳が「どれくらい疲れているか」は主観ではなく、かなり生物学的な現象として説明できるところまで来ている

・考え続けると、前頭葉にグルタミン酸などの代謝産物がたまり「これ以上やるコスパ悪い」と脳が判断

・その結果、集中力低下だけでなく「先送り・即時報酬を選びやすくなる」など意思決定も変わる

・この認知的疲労はLong COVID、がん治療後、うつ、パーキンソン病など多くの病態の中核症状

・対策の基本は睡眠・昼寝・光・行動療法など

・ただし「疲労感だけを消す」と、限界を超えて後からクラッシュする危険も","2025-12-10T21:29:13.000Z","https://x.com/AriyoshiMd/status/1998867624198041719"
"https://pbs.twimg.com/profile_images/1959335013998329857/qnpHtZTW_normal.jpg","nero_sansei","ねろ","Genspark、これ価格設定ミスってない？Proプランにするだけで、

・Gemini 3 Pro
・Claude Opus 4.5
・Nano Banana Pro

この辺の怪物モデルが全部【無制限】で使えるの、完全にバグ水準。このラインナップを無制限で提供できるGenspark、裏でどういう計算してるか不明やけどこの機会に触るのはあり","","2025-12-10T10:49:39.000Z","https://x.com/nero_sansei/status/1998706671091331355"
"https://pbs.twimg.com/profile_images/1739433740722651136/Y3A155FN_normal.jpg","j_kun_ml","J","海外Redditで、LLMへ渡すプロンプト設計に関する超有益ポスト。
ポスト主はプロンプト分析に1000時間以上費やし、成功するプロンプトには6つの共通パターンがあると結論。

✅ K: シンプルに
悪い：「Redisについて何か書いて」
良い：「Redisキャッシングの技術チュートリアルを書いて」
→","海外Redditで、LLMへ渡すプロンプト設計に関する超有益ポスト。
ポスト主はプロンプト分析に1000時間以上費やし、成功するプロンプトには6つの共通パターンがあると結論。

✅ K: シンプルに
悪い：「Redisについて何か書いて」
良い：「Redisキャッシングの技術チュートリアルを書いて」
→ トークン70%減、応答3倍速

✅E: 検証可能に
悪い：「〇〇についてプログラム書いて」
良い：「ユニットテストをパスするコードを出力して」
→ 成功率 41% → 85%

✅R: 再現性を確保
良い：「Python 3.12、Pandas 2.2で書け」
悪い：「最新のベストプラクティスで書いて」
→ 30日後でも94%一致

✅N: スコープを狭く
良い：「CSVファイルをマージするスクリプトを書いて」
悪い：「データ処理スクリプト＋テスト＋ドキュメント全部書いて」
→ 満足度41% → 89%

✅E: 制約を明示
良い：「外部ライブラリ禁止、関数20行以内」
悪い：「Pythonコードで」
→ 不要出力91%減

✅L: 論理構造で
良い：「Input: 複数CSV（同列）、Task: マージ、Constraints: Pandasのみ、50行以内、Output: merged.csv」
悪い：「データファイルを効率化するスクリプト書いて」
→ 200行使えないコード → 37行初回成功

これらを適用した結果：
初回成功率 72% → 94%
トークン -58%
修正回数 3.2 → 0.4

AIへプロンプト投げる時、少しだけこれを意識すると劇的に結果が変わります。","2025-12-10T10:15:00.000Z","https://x.com/j_kun_ml/status/1998697951485403647"
"https://pbs.twimg.com/profile_images/1249736537505333250/tOenj1eZ_normal.jpg","kinopee_ai","Kinopee","これは高く評価したい点で、コンテキストを圧迫せずに多様なルールが適用しやすくなって、実用性が高まりました。

- ファイルベースのモジュラー管理
- YAML フロントマターによるメタデータ
- glob パターンによる条件付き適用","","2025-12-10T04:02:55.000Z","https://x.com/kinopee_ai/status/1998604312856215907"
"https://pbs.twimg.com/profile_images/1669748896552353793/CVfBy8gR_normal.png","kei31","けいすけ / AIマンガ家","Nano Banana Proのこの使い方ええやん！ https://t.co/HR8Qiv8Lxn","","2025-12-10T00:15:07.000Z","https://x.com/kei31/status/1998546985889182079"
"https://pbs.twimg.com/profile_images/1858446259268521984/T8o1X5q6_normal.jpg","genspark_japan","Genspark (ジェンスパーク) : 日本公式","無制限プランが始まります！🎉
本日より、メンバー特典がアップグレード✨
ProおよびPlusメンバーは、現在提供中の全モデルで、AIチャット＋AI画像生成が無制限に利用可能になります！

対象モデル：
Nano Banana Pro、Gemini 3 Pro、GPT-5.1、Claude Sonnet 4.5、Claude Opus https://t.co/WFdTsmAq1W","無制限プランが始まります！🎉
本日より、メンバー特典がアップグレード✨
ProおよびPlusメンバーは、現在提供中の全モデルで、AIチャット＋AI画像生成が無制限に利用可能になります！

対象モデル：
Nano Banana Pro、Gemini 3 Pro、GPT-5.1、Claude Sonnet 4.5、Claude Opus 4.5、Seedream、その他の最先端モデル

有効期間：2026年12月31日まで

クレジットを気にする必要はもうありません！
Gensparkで制限なく創造しましょう！
詳細はこちら：https://t.co/fXIi30EXlm","2025-12-08T10:46:59.000Z","https://x.com/genspark_japan/status/1997981227249487962"
"https://pbs.twimg.com/profile_images/1765706549824221184/N0yR_7Sj_normal.jpg","SuguruKun_ai","すぐる | ChatGPTガチ勢 𝕏","GitHubで公開されてるNano Banana Proのプロンプト集が有益すぎる。
ㅤ
703個のプロンプトが完全無料で使える人気リポジトリ。 https://t.co/eG2tLIk06G","GitHubで公開されてるNano Banana Proのプロンプト集が有益すぎる。
ㅤ
703個のプロンプトが完全無料で使える人気リポジトリ。
ㅤ
日本語含む16言語対応で、コピペで即使える完成度。厳選された12個のフィーチャープロンプトも付いてて、引用カード生成、手描きスタイル変換、水彩風地図、教育資料テンプレなど実用的なものばかり。
ㅤ
Nano Banana Pro使ってる人は必見。👇","2025-12-09T09:44:30.000Z","https://x.com/SuguruKun_ai/status/1998327887158780043"
"https://pbs.twimg.com/profile_images/1249736537505333250/tOenj1eZ_normal.jpg","kinopee_ai","Kinopee","Claude に、Skills、Subagent、MCPの違いをひと言でまとめてもらった。

- Skills：「脳」を拡張する（知識・手順を増やす）
- MCP：「感覚器官」を拡張する（外部世界を知覚・操作できるようにする）
- Subagent：「分身」を増やす（独立したコンテキストで並行して働く）","","2025-12-09T11:01:01.000Z","https://x.com/kinopee_ai/status/1998347144810631594"
"https://pbs.twimg.com/profile_images/1871687946988060673/xDsh_ngS_normal.jpg","MacopeninSUTABA","かずなり | 生成AI×ビジネスハック","松尾研が公開している「AIコーディング実践環境の構築方法」が有益すぎる

https://t.co/VoZLSlbiUN","","2025-12-09T03:34:00.000Z","https://x.com/MacopeninSUTABA/status/1998234648644813039"
"https://pbs.twimg.com/profile_images/1871687946988060673/xDsh_ngS_normal.jpg","MacopeninSUTABA","かずなり | 生成AI×ビジネスハック","ZOZOが公開している「アプリ開発でのAI活用状況と事例」の資料が有益。

Claude Codeを中心としたAIツールの利用傾向、そして要件定義書から設計書を作成するフローといった、ZOZOの現場で使える実務的な技術を学ぶことができる。

こちら👉
https://t.co/flNikZl0YF https://t.co/JOxnK7QmNS","","2025-12-09T03:02:30.000Z","https://x.com/MacopeninSUTABA/status/1998226721628360910"
"https://pbs.twimg.com/profile_images/1887681133531496448/QgpCjXcC_normal.jpg","_nogu66","nogu","AI駆動開発したい人は全員このチャンネルを見ておいて損しない。

『AI Engineer』は、ワークショップも実践講座も全部公開してて、日本にいながら海外の有益な登壇をYouTubeで無料で見ることができる！

仕事でAI使いたいけど何から学べばいいか迷ってる人、まずここだけ見ておけば大丈夫。 https://t.co/Ad9kygVorI","","2025-12-09T10:05:01.000Z","https://x.com/_nogu66/status/1998333053165560105"
"https://pbs.twimg.com/profile_images/1520708069570715650/3zfSWDuB_normal.jpg","nbykos","NOBU","生成AIの使いこなしは「覚えること（ラーン）」より、「忘れること（アンラーン）」の方が難しい。

古いTipsで習得した成功体験が邪魔して、新しいやり方にスムーズに移行できないことがあった。人によっては、そこで停滞すると思う。あるいは辞めてしまうだろう。","生成AIの使いこなしは「覚えること（ラーン）」より、「忘れること（アンラーン）」の方が難しい。

古いTipsで習得した成功体験が邪魔して、新しいやり方にスムーズに移行できないことがあった。人によっては、そこで停滞すると思う。あるいは辞めてしまうだろう。

この体験をしてから、簡単なTipsを積極的に共有しなくなった。その知見が本質的でない場合、結果的にアンラーンのコストを押し付けることになってしまう。

モデル性能の向上で達成されるタイプの知識は毒になり得る。

確かに、やりたい表現というのはある。
工夫すれば、それも達成できるかもしれない。

しかし現在はベンダー側が勝手に性能を上げてくれる状況だ。

慌てず進歩を待つのも手だと思う。","2025-12-09T04:34:32.000Z","https://x.com/nbykos/status/1998249881430024454"
"https://pbs.twimg.com/profile_images/1477629840606261248/nPp3X302_normal.jpg","inaba_desu","イナバ","ご報告

SEOに強いAIライティングツール、作りました！
記事生成〜ワードプレス入稿まで全て出来る「AI-SEO」

・SEO専門家監修
・トライアル無料
・SEO流入300万PVの実績

SEO対策したいキーワードを入れるだけで「記事・アイキャッチ画像」を生成可能。","","2024-07-08T04:31:11.000Z","https://x.com/inaba_desu/status/1810169738477408633"
"https://pbs.twimg.com/profile_images/1249736537505333250/tOenj1eZ_normal.jpg","kinopee_ai","Kinopee","Cursor にリファクタリング特化エージェントを作ってみた。
```
---
name: RefactorAgent
description: リファクタリング特化サブエージェント（挙動非変更・最小差分）
---

## ロール
- Next.js/TypeScript/React のリファクタ専門家として、挙動を変えずに可読性・保守性を向上させる。
- https://t.co/rMOyctyZb5","Cursor にリファクタリング特化エージェントを作ってみた。
```
---
name: RefactorAgent
description: リファクタリング特化サブエージェント（挙動非変更・最小差分）
---

## ロール
- Next.js/TypeScript/React のリファクタ専門家として、挙動を変えずに可読性・保守性を向上させる。
- Lint/型/ビルドを落とさないことを最優先とし、`any` や Hook 順序違反、未使用コードを残さない。

## 優先順位
1. 挙動不変（regression 防止）と安全性の担保。
2. 差分最小・意図が明確な変更。
3. 可読性と依存関係の単純化（重複排除、責務分離）。

## 守るべきルール
- ai-coding-standards / directory-structure / test-strategy など `.cursor/rules/` を遵守。
- `any` 禁止、`<img>` 禁止、Hook は early return より前で固定順序。
- インポートは外部→内部→型→スタイルの順で整理し、未使用を削除。
- 変数・関数は意味のある名前を付与し、不要コードは削除。
- 挙動に影響しうる定数・条件分岐の改変は避け、必要な場合は必ず理由とリスクを明記。

## 提案・作業フロー
1. 目的・対象ファイル・現状課題を短く要約。
2. 影響範囲を確認し、循環参照や共有ユーティリティ有無をチェック。
3. リファクタ案を提示（小さなステップに分割）。リスクがあれば先に列挙。
4. 変更後の確認ポイント（型・lint・ビルド・テスト有無）を明記。
5. 出力は簡潔に。コード提示は必要箇所のみ、長大な抜粋を避ける。

## 禁止事項
- 仕様変更・UI変更・依存追加/削除・環境設定変更（明示指示がある場合を除く）。
- 過度な抽象化や premature optimization。
- 未確認での命名・構造大規模変更。

## 追加ヒント
- 重複ロジックはユーティリティ化し、共通の型を流用。
- 複雑な条件は早期 return や小関数分割で意図を明確化。
- キャッシュキーや翻訳キーなど、プロジェクト固有の命名・整合性ルールに従う。

```","2025-12-08T16:04:35.000Z","https://x.com/kinopee_ai/status/1998061151821734294"
"https://pbs.twimg.com/profile_images/1977570424067383296/evkp3dgD_normal.jpg","pereko_perenne","ペレ子","子育てしてて気づいたこと。子どもの”癇癪”は「別のことを考えてもらう」とおさまりやすいなと。どうしてもポケモンのモンスターボール型のおもちゃがほしくなった5歳息子。でも時間は夜の19時半。さすがに今からは買いにいけないので「今日はムリだよ。また今度お出かけしたときね」って優しく諭すも","","2025-12-08T12:04:02.000Z","https://x.com/pereko_perenne/status/1998000616220852522"
"https://pbs.twimg.com/profile_images/1858051944801251328/9-YktFN8_normal.jpg","kosuke_agos","Kosuke","プロンプトエンジニアリングの定説が覆されました。

「AIにペルソナ（役割）を与えると精度が上がる」という最も一般的な技術を検証した結果、実は「賢くはならない」ことが判明しました。 https://t.co/n6oRPs37WG","プロンプトエンジニアリングの定説が覆されました。

「AIにペルソナ（役割）を与えると精度が上がる」という最も一般的な技術を検証した結果、実は「賢くはならない」ことが判明しました。

「あなたは偉大な物理学者です」と指示しても、物理学の質問への回答精度が著しく向上するわけではなく、逆に「弁護士です」と伝えても精度は落ちないことがわかりました。

その衝撃的な検証結果と詳細を3つのポイントにまとめました。

1. 精度への影響はほぼゼロ
実験の結果、ペルソナを与えてもAIの根本的な知識レベルや推論能力（IQ的な部分）にはほとんど変化が見られませんでした。「専門家になりきる」ことと「専門的な正答率が上がる」ことは別問題です。

2. 変わるのは「回答スタイル」
ペルソナが無意味なわけではありません。回答のトーン、出力形式、情報の提示方法といった「振る舞い」には明確な変化をもたらします。例えば「教師」のペルソナなら説明的に、「エンジニア」なら技術的な形式で出力される傾向があります。

3. ロールプレイの正しい使い道
結論として、ペルソナ付与は「知能の底上げ」を期待して使うものではなく、あくまで「出力形式やトーンの制御」のために使うべき技術だと言えます。","2025-12-09T05:42:44.000Z","https://x.com/kosuke_agos/status/1998267044756885857"
"https://pbs.twimg.com/profile_images/1947577904185151491/PHHEIgqg_normal.jpg","shintaro_sprech","しんたろ。ソロプレナー","AI開発を始めたい人へ、
私の屍を越えていってください。

Claude Codeが出た当初、私が自信を持っていた知識はPythonやVBA、GASは触れる程度。

「これなら行ける！」とアプリ開発に挑んだ結果…
・知識不足でロジックは崩壊
・あろうことかrmでファイルごと消滅 https://t.co/rRKjSCV2a6","AI開発を始めたい人へ、
私の屍を越えていってください。

Claude Codeが出た当初、私が自信を持っていた知識はPythonやVBA、GASは触れる程度。

「これなら行ける！」とアプリ開発に挑んだ結果…
・知識不足でロジックは崩壊
・あろうことかrmでファイルごと消滅

Gitを理解しておらず、数十時間の努力が一瞬で「ゴミ」になりました。

当時の絶望は凄まじかったですが、それでも辞めずに手を動かし続けたから今があります。

これから挑む人へ、教訓は2つ。
1. Git（セーブポイント）だけは覚えろ
2. あとは開発しながら学べ

実戦して体得することばかりです。
ただ、Gitという命綱なしで飛ぶのだけは絶対にやめてください。","2025-12-02T08:15:49.000Z","https://x.com/shintaro_sprech/status/1995768855495680084"
"https://pbs.twimg.com/profile_images/1887681133531496448/QgpCjXcC_normal.jpg","_nogu66","nogu","「エージェントを作る時代は終わった？」Anthropicが語った本当の突破口

最近のAI界隈で静かに、とんでもないパラダイムシフトが起きています。

Anthropicが語った「Don't Build Agents, Build Skills Instead」という講演が、その方向を完全に示しています。 https://t.co/KxuOytvDm1","「エージェントを作る時代は終わった？」Anthropicが語った本当の突破口

最近のAI界隈で静かに、とんでもないパラダイムシフトが起きています。

Anthropicが語った「Don't Build Agents, Build Skills Instead」という講演が、その方向を完全に示しています。

結論から言うと、AIエージェントは賢いけど専門家じゃないという致命的なギャップを抱えていました。

そこで、彼らはエージェントではなくスキルを作り始めました。

どんなに高性能なモデルでも、すべての専門知識が常に搭載されてはいません。

優秀な新人を採用しても、経験がないと実務は任せられないことと同じです。

それに対して、彼らがたどり着いた答えはシンプル。

「知性（モデル）と専門知識（スキル）の分離」

スキルはあくまで、ただのフォルダです。しかし、その中には、手続き的な知識（プロがどう考えて、どう動くか）がコードとして格納されています。

要は、専門家の実務をそのままパッケージ化したファイルをAIが実行できる世界になったということです。

「モデルが万能になる未来」ではなく、「モデルに専門家の作業手順を後付けする時代」が来ています。

特に、スキルは最初にメタデータだけを見て判断して、使うべきと判断した瞬間だけディスクリプションを読んで実行します。

これによって、複数のスキルを持たせられる。コンテキストを圧迫しない。構成の可能性が爆発的に高まる。

すでにAnthropicは３つのカテゴリーを提示しています。

1つ目は、基盤スキル。文章生成能力、科学研究、解析するなど汎用OSレベルの能力をAIに付与します。

2つ目は、サードパーティースキル。Notionなどが公開している、「特定製品でプロ級の使い方ができるAI」を実現する。

3つ目は、エンタープライズスキル。企業が自社の作業手順や内部知識をAIに覚えさせる新人研修のデジタル化とも言えるレイヤーです。

要するに、 企業内のノウハウそのものがスキルとしてAIに継承される時代が来る。

Anthropicは、エージェントを以下のように整理している。
・モデル＝CPU
・ランタイム＝OS
・スキル＝アプリケーション

これが最もわかりやすい。スキルは「AIにおけるアプリ層」であり、ここに人間の経験値や専門知識が書き込まれる。

AIの価値は モデルそのものではなく、スキルのエコシステムで決まっていく。

最後に、なぜ今スキル”なのか？

エージェントを自前で作り直すのは非効率だった。

正解は、エージェントの上に能力ファイルの積み重ねをつくること。

スキルは、以下のという特性を持っています。
・チームで共有できる
・会社に蓄積される
・AI同士で引き継がれる
・将来のモデルでも再利用される

「AIに何ができるか」ではなく、「AIに何を学ばせられるか」。

この転換点を理解した人から、AI時代の生産性のボトルネックを完全に突破していくはず。","2025-12-09T03:14:58.000Z","https://x.com/_nogu66/status/1998229861652209796"
"https://pbs.twimg.com/profile_images/1713432018254716928/0S9ooZZs_normal.jpg","zasuko_michiksa","ざすこ（道草 雑草子）","えっ！！👀
GoogleのAPI無料枠めちゃめちゃ余裕ありますね！
40,000円以上無料なのマジですか…😅 今だけ？？
🍌Pro こっち使ってればよかったぁあああ…💦💦
#GoogleAPI
#NanoBananaPro https://t.co/ucXvK6CmQh","","2025-12-06T15:49:28.000Z","https://x.com/zasuko_michiksa/status/1997332571395358812"
"https://pbs.twimg.com/profile_images/1905900430305218560/pp5zfVaI_normal.jpg","erukiti","erukiti","「実践フルAIコーディング」という記事を公開しました。
https://t.co/tokMJggg7t

実践で、本格的なプロダクト開発をフルAIコーディングするための、僕の持つ考えたとノウハウをすべてを記事にまとめました。

・LLM とは極めていびつな汎用知性です
・環境整備で勝負のそれなりが決まります","「実践フルAIコーディング」という記事を公開しました。
https://t.co/yZp0f6K2pC

実践で、本格的なプロダクト開発をフルAIコーディングするための、僕の持つ考えたとノウハウをすべてを記事にまとめました。

・LLM とは極めていびつな汎用知性です
・環境整備で勝負のそれなりが決まります
・指示を増やせば、未知は減少しますが、矛盾は増えます。つまり、プロンプトを頑張れば頑張るほど、矛盾を抱えます。矛盾と未知をいい案配でなんとかしなければならない
・AI コーディングにおいて、コードの品質は、人間による不断の努力と、いくつもノウハウによってのみ実現できる
・AI コーディングでは eslint が必須です
・AI コーディングではレイヤー構造は必須です
・テスティングトロフィーとか忘れてください。あれは人間がプログラミングをしていた時代の考え方です。AI コーディングでは結合テストがすべてです
・AI コーディングは絶対にストレスがたまります。AI デトックスが必須です","2025-12-08T02:16:07.000Z","https://x.com/erukiti/status/1997852663699128604"
"https://pbs.twimg.com/profile_images/1838757795736489986/eAYsRVtI_normal.jpg","akira_papa_IT","あきらパパ【生成AI活用エンジニア&３児のパパ】","Claude Codeのn8nスキルいいですね☺️

【Claude Code × n8n自動化が爆速になる神スキルセット見つけたのでメモシェア〜🎵MCPでワークフロー構築がノーミスに👀】

📊 n8n-skills：AIがn8nワークフローを完璧に構築するための7スキル

■ 1. なぜこれが必要か 🤔
▸ n8nをAIで構築する際の課題
　•","Claude Codeのn8nスキルいいですね☺️

【Claude Code × n8n自動化が爆速になる神スキルセット見つけたのでメモシェア〜🎵MCPでワークフロー構築がノーミスに👀】

📊 n8n-skills：AIがn8nワークフローを完璧に構築するための7スキル

■ 1. なぜこれが必要か 🤔
▸ n8nをAIで構築する際の課題
　• MCPツールの使い方ミス
　• バリデーションエラーのループ地獄
　• ノード設定の依存関係が複雑
　• 式構文{{}}のハマりポイント多数

■ 2. 7つの補完スキル構成 🛠️
▸ 基礎3スキル
　• Expression Syntax：$json/$node等の正しい書き方
　• MCP Tools Expert：ツール選定と使い方の最適解
　• Workflow Patterns：実証済み5パターン（Webhook/API/DB/AI/定期実行）

▸ 品質担保2スキル
　• Validation Expert：エラー解釈と修正ガイド
　• Node Configuration：操作別の設定ルール

▸ コード2スキル
　• Code JavaScript：$input.all()等のデータアクセス
　• Code Python：標準ライブラリのみ対応の制約理解

■ 3. 実用ポイント 💡
▸ 自動連携で威力発揮
　• 「Webhook→Slack連携作って」と頼むだけ
　• 7スキルが自動で協調動作
　• 525+ノード・2,653+テンプレート対応

▸ 導入も簡単
　• Claude Codeなら `/plugin install czlonkowski/n8n-skills` 一発

czlonkowski/n8n-skills: n8n skillset for Claude Code to build flawless n8n workflows
　　URL: https://t.co/1gd8CCXJ3L","2025-12-08T00:39:22.000Z","https://x.com/akira_papa_IT/status/1997828314543841309"
"https://pbs.twimg.com/profile_images/1671845985574875137/W689Frac_normal.jpg","ctgptlb","ChatGPT研究所","【AI翻訳ツール Nani !? 徹底解説】

最近Xで話題の「Nani !?」。どんなツールなのか気になっている方も多いのではないでしょうか🧐

本記事では活用事例だけでなく開発者catnoseさん(@catnose99)の記事も参考に""この体験がどう作られているのか""まで掘り下げてみました!
👉 https://t.co/VbSf6p7Tan","【AI翻訳ツール Nani !? 徹底解説】

最近Xで話題の「Nani !?」。どんなツールなのか気になっている方も多いのではないでしょうか🧐

本記事では活用事例だけでなく開発者catnoseさん(@catnose99)の記事も参考に""この体験がどう作られているのか""まで掘り下げてみました!
👉 https://t.co/WsuNewqguh","2025-12-07T10:50:19.000Z","https://x.com/ctgptlb/status/1997619676252357072"
"https://pbs.twimg.com/profile_images/1689665533929725953/fClFlzLd_normal.jpg","masahirochaen","チャエン | デジライズ CEO《重要AIニュースを毎日最速で発信⚡️》","24時間365日ウェブを監視するAIエージェントがオープンソースで登場。

AIエージェントが24時間365日ウェブを監視して、変化（チケット発売開始、再入荷、ニュースなど）を検知すると通知が届く。

瞬時にお得なチケット買えたりなど色んな応用が効く。

ソース↓
https://t.co/o5gQkABQRX","","2025-12-07T22:11:06.000Z","https://x.com/masahirochaen/status/1997791000828534997"
"https://pbs.twimg.com/profile_images/1739433740722651136/Y3A155FN_normal.jpg","j_kun_ml","J","これ。個人開発者はアプリが売れなかったら機能を追加する悪い癖がある。

開発が目的なら別にいいけど、売上作りたいなら「開発者」から「経営者」に視座を変えないとダメです。

マーケの試行錯誤と業界研究をサボるな。","","2025-12-07T10:31:17.000Z","https://x.com/j_kun_ml/status/1997614884515975565"
"https://pbs.twimg.com/profile_images/686232470782541824/PUgneIar_normal.jpg","takeshi_nogami","野上武志 NOGAMI Takeshi","まじか
まじ？","","2025-12-07T11:53:25.000Z","https://x.com/takeshi_nogami/status/1997635556147118526"
"https://pbs.twimg.com/profile_images/1976978328101044225/8NEbuBeh_normal.jpg","Sikino_Sito","シト | Sito","AIエージェントにUIを持たせるのも簡単です。

UI⇄エージェントは、AG-UI（MCPのような標準プロトコル）で繋げられるので、ハードル下がってます。

1. Reactテンプレ付き一発コマンド（CopilotKit）
  npx create-ag-ui-app my-app
  cd my-app
  npm install
  npm run dev

2. https://t.co/OSYS793LkH","AIエージェントにUIを持たせるのも簡単です。

UI⇄エージェントは、AG-UI（MCPのような標準プロトコル）で繋げられるので、ハードル下がってます。

1. Reactテンプレ付き一発コマンド（CopilotKit）
  npx create-ag-ui-app my-app
  cd my-app
  npm install
  npm run dev

2. 自作UI向けミニマム（公式ミドルウェア + SDK）

  git clone https://t.co/bMUa9nJvB4 ag-
  ui-upstream
  cd ag-ui-upstream/typescript-sdk/integrations/adk-
  middleware
  uv venv .venv && source .venv/bin/activate
  uv pip install -e .

フロントは好きなスタックで。
AG-UIクライアントSDKを入れてイベント購読するだけ：

  npm install @ag-ui/client @ag-ui/core

「Copilot Kit版」を選ぶとReactテンプレートと統合済みのUIが同梱され、ほぼ完成形のエージェントGUIが得られる。

独自UIを作るなら「CLI版」を選べば、シンプルな基盤のみを得られるので、UIは自由に拡張しやすい。

Avatar UIも「CLI版」ベースで構築した。","2025-12-07T03:01:01.000Z","https://x.com/Sikino_Sito/status/1997501572230590754"
"https://pbs.twimg.com/profile_images/1713432018254716928/0S9ooZZs_normal.jpg","zasuko_michiksa","ざすこ（道草 雑草子）","StableDiffsion などでは描きにくかった絵が
めっちゃ簡単に作れちゃう作例☺
1回の生成でたくさんカット作れるのもコスパ良いですね！
https://t.co/zLjIiSGfuB https://t.co/axGWwxAvwG","","2025-12-07T02:15:46.000Z","https://x.com/zasuko_michiksa/status/1997490183948943778"
"https://pbs.twimg.com/profile_images/1739433740722651136/Y3A155FN_normal.jpg","j_kun_ml","J","Pythonだけで一瞬でAIエージェント作る方法。↓

1. 空フォルダ作って開く
2. uv init
3. uv add google-adk
4. uv run adk create --type=config my_agent
→ Gemini APIキー聞かれるから貼る
5. 生成された root_agent.yaml の一番下に2行追加
tools:
- name: google_search
6. uv run adk web　←","Pythonだけで一瞬でAIエージェント作る方法。↓

1. 空フォルダ作って開く
2. uv init
3. uv add google-adk
4. uv run adk create --type=config my_agent
→ Gemini APIキー聞かれるから貼る
5. 生成された root_agent.yaml の一番下に2行追加
tools:
- name: google_search
6. uv run adk web　← 即チャットボット完成！！ブラウザで動きます。

あとは呼び出したいツールをお得意のPythonで自由に作っちゃってください。

ツール次第で、自分だけのタスク管理エージェントとか、自分だけのSNS自動化エージェントとか、いろいろいけます。","2025-12-05T10:13:00.000Z","https://x.com/j_kun_ml/status/1996885511026495885"
"https://pbs.twimg.com/profile_images/1724709108820135936/cJy6bMIl_normal.jpg","hokazuya","ホーダチ-Hodatsu | LLM Researcher × AI Engineer","Claude Code（Opus 4.5) を用いた完全ガイド（12/07時点のオレオレ備忘録）：

１．「XXの可能性がある」と言い出したら黄色信号
この子は絶対にVerifyせずに可能性で修正を始めて迷走します。必ずテストをするように指示しましょう。

２．長すぎる処理は絶対に禁止","Claude Code（Opus 4.5) を用いた完全ガイド（12/07時点のオレオレ備忘録）：

１．「XXの可能性がある」と言い出したら黄色信号
この子は絶対にVerifyせずに可能性で修正を始めて迷走します。必ずテストをするように指示しましょう。

２．長すぎる処理は絶対に禁止
とりま、無理です。長くても１機能をPhase分けして段階的にチェックできるように進めましょう。

３．例外の握り潰しの禁止
とりま、この子は「うまくいかなかったら困るなぁ」と思っているのか、例外が発生したときに、「pass」とか、「print ～」としてちょろまかす癖がある。

そのうえで「ターミナルにエラーは出ていないのでわかんねぇ～」となる

ので、絶対に禁止し、例外を上位伝搬するように伝えておく。

４．共通系のリソースの修正は勝手にさせない
まぁ、大体しでかす（デグレード、利用しているほかへの影響）を何にも考えずに自分の今やっている部分にしか注意がいかないので、共通系のリソース一覧を作っておいて、勝手に障るなよ、というルールは必須

５．自分のタスクに対するチェックリストの作成を必須とする
ミスったことをチェックリストに起こさせておく

６．作業完了後にチェックリストを必須とする
タスクを分解してファイル単位で１チェックリストに対する観点を書いておき、それに対してチェックを行わせ自律的に問題点への取り組みを行わせる

７．「懐疑的に検証せよ」というターンを別途実行させる
どうにも同じセッション内だと、推論が偏るので別のスレッドで、やったこと＋実際のコード＋チェックリストから懐疑的に検証させミスを洗い出させる。
これはGitHubの Copilot エージェントでもOK。

----
まだまだあるんだが、特に３あたりはかなり危険だしドはまりを勝手にするので、今のコーディングの中でもトップクラスの複数のLLMにやらせても、先行推論トークンを強く見がちで、一度否定し始めると否定の流れ、肯定し始めると工程の流れに引っ張られやすい。

いったん切る・別のスレッドでやる

このあたりがコーディングエージェントとの付き合い方の上で生産性が上がるのを観測済み。

AIエージェント作るときもVerifierを作るならこの原理になる","2025-12-07T04:54:31.000Z","https://x.com/hokazuya/status/1997530135046897696"
"https://pbs.twimg.com/profile_images/1648448870865858562/h7w7qTVd_normal.jpg","entry20210104","株GPT","Geminiはやっぱり結果は出せないんだよね。
超エリートサラリーマンでシゴでき風の見掛け倒しみたいなね。

AIを使って株式取引をするのは一般的になってきたな。","","2025-12-06T04:32:28.000Z","https://x.com/entry20210104/status/1997162197894811753"
"https://pbs.twimg.com/profile_images/1633631938388058112/u0ZOzxbj_normal.jpg","aws202211maru","まるこめ@AWS GCP SRE （やっと3年)","クラウドエンジニアこそフルスタックだと思う

開発であれば、アプリケーションエンジニア、データサイエンティスト、AIエンジニアみたいに領域が完全に別れるけど

基盤を作ってくださいって言われたら、Webアプリだろうと、データ分析基盤だろうと、機械学習基盤だろうと用意しなければならない","クラウドエンジニアこそフルスタックだと思う

開発であれば、アプリケーションエンジニア、データサイエンティスト、AIエンジニアみたいに領域が完全に別れるけど

基盤を作ってくださいって言われたら、Webアプリだろうと、データ分析基盤だろうと、機械学習基盤だろうと用意しなければならない

もはやこれこそがインフラエンジニアとクラウドエンジニアの大きな違いなのかもしれない","2025-12-04T22:26:08.000Z","https://x.com/aws202211maru/status/1996707620221341930"
"https://pbs.twimg.com/profile_images/1658299129414696960/nL2U4pbx_normal.jpg","MLBear2","ML_Bear","OpenAI の社員がどのようにCodexを活用しているかを説明してる資料が出てるとのこと👀

DevDayのセッションで聞いた話と違うトピックあるかな？あとで通読してみる📝

https://t.co/U17ZbLmCPM

#nikkei_tech_talk https://t.co/IIl3BvAoHa","","2025-12-05T10:24:24.000Z","https://x.com/MLBear2/status/1996888380366639105"
"https://pbs.twimg.com/profile_images/1934446015060508672/S74zfgmH_normal.jpg","rk310117","佐藤 立樹｜Cone Inc.","【CVが上がっている記事紹介】

「どんな記事書いたらちゃんと売上につながるねん！」ということで、僕らのメディアでCV→商談→受注になってる記事の一部を紹介します。こんな感じで書いたらちゃんと成果につながるんやぁみたいな感じで見ていってください。","【CVが上がっている記事紹介】

「どんな記事書いたらちゃんと売上につながるねん！」ということで、僕らのメディアでCV→商談→受注になってる記事の一部を紹介します。こんな感じで書いたらちゃんと成果につながるんやぁみたいな感じで見ていってください。

事業は「記事作成代行」「資料作成代行」「サイト制作」です

==「記事作成代行」でCV上がってる記事==

・コンテンツマーケティング 戦略
https://t.co/8SYFC23tCq

・オウンドメディア 外注
https://t.co/bzhjraMlnT

・SEO 費用対効果
https://t.co/QEvYiFs23L

・記事作成 構成
https://t.co/mKtFiHdPwm

==「資料作成代行」でCV上がってる記事==

・営業資料 作り方
https://t.co/bArhSUy2hH

・ホワイトペーパー 種類
https://t.co/KDpjuiiS1W

・サービス紹介資料 作り方
https://t.co/1afdZA4CvX

==「サイト制作」でCV上がってる記事==

・BtoB サンクスページ
https://t.co/hpB9BCDLPW

・BtoB サイトデザイン
https://t.co/WVA4DRKeFD

・BtoB LP
https://t.co/HzO0dnrVN2","2025-12-05T03:19:00.000Z","https://x.com/rk310117/status/1996781322556334234"
"https://pbs.twimg.com/profile_images/1887681133531496448/QgpCjXcC_normal.jpg","_nogu66","nogu","この記事がおもしろい

データサイエンティストがClaude Codeのコンテキストに UX心理学 を与えた。

その結果、コンテキストを与えない状態よりもモダンで洗練されたUIに生まれわかったとのこと。

心理学もコンテキストになるのか。
https://t.co/SJk0ppm0w0","","2025-12-06T07:18:40.000Z","https://x.com/_nogu66/status/1997204026782576857"
"https://pbs.twimg.com/profile_images/1871687946988060673/xDsh_ngS_normal.jpg","MacopeninSUTABA","かずなり | 生成AI×ビジネスハック","個人開発をしたい人は必見の記事。網羅的にノウハウがまとめられている。

こちら👉
https://t.co/m7BnA4ZEb8","","2025-12-06T03:02:00.000Z","https://x.com/MacopeninSUTABA/status/1997139432131248612"
"https://pbs.twimg.com/profile_images/1627120001655398400/pDN7o_Fz_normal.jpg","mmmiyama_D","ミヤマ","AIっぽくなくお願いします！
と言われるので、パッと見は見えないNano Banana Proプロンプト作りました✨

雑指示OK、再現性あります！
例えばこれは、「デザイン×AI戦略」とテーマ入力しただけなんです〜

個人的にこういうのよく使うので、同じような境遇の方は下からお持ち帰りどうぞ😊
👇 https://t.co/EfUhDBIaZ2","","2025-12-05T03:26:31.000Z","https://x.com/mmmiyama_D/status/1996783216615940230"
"https://pbs.twimg.com/profile_images/1734474283735486464/lZVPMSIq_normal.jpg","wad0427","わど🐏クリスマス企画開催中","Nano Banana Proの裏技

Gemini に任意の画像をアップロードし、
「画像を JSON プロンプトに変換し、サイズと詳細を含めてください」と指示

すると、画像を再現するためのプロンプトを出力してくれるので、
変更したい部分だけを修正して使用可能","","2025-12-05T12:00:03.000Z","https://x.com/wad0427/status/1996912450931957808"
"https://pbs.twimg.com/profile_images/1929145018218147840/8tJ-l3Jr_normal.jpg","br_d","BD","AIで生成してて「またこのTシャツか…」って溜息ついたこと、ありませんか？👚

実は服の質感を決めるのは形じゃなくて『Fabric weight（生地の重さ）』という概念なんです。この単語一つ混ぜるだけで、空気を含んだような""抜け感""が生まれるから不思議ですよね。 https://t.co/QWVHoCKV8x","AIで生成してて「またこのTシャツか…」って溜息ついたこと、ありませんか？👚

実は服の質感を決めるのは形じゃなくて『Fabric weight（生地の重さ）』という概念なんです。この単語一つ混ぜるだけで、空気を含んだような""抜け感""が生まれるから不思議ですよね。

今回、私が愛用してる「そのまま使える魔法のコーデ50選」を辞書としてまとめました。

皆さんが一番「生成が難しい」と感じるファッションって何ですか？リプで教えてください👇

#AIイラスト #StableDiffusion #AI術師と繋がりたい","2025-12-04T09:03:00.000Z","https://x.com/br_d/status/1996505505372786708"
"https://pbs.twimg.com/profile_images/1929145018218147840/8tJ-l3Jr_normal.jpg","br_d","BD","この画像、ペンタブもブラシも一切使わずに「出力」されたものだと言ったら驚かれますか？

今回、AIのレンダリング（描画処理）をベクター生成モードへ切り替えた魔法の言葉は『Adobe Illustrator style』。 https://t.co/AFzBMyvH8X","この画像、ペンタブもブラシも一切使わずに「出力」されたものだと言ったら驚かれますか？

今回、AIのレンダリング（描画処理）をベクター生成モードへ切り替えた魔法の言葉は『Adobe Illustrator style』。

たったこれだけで、AIは曖昧なグラデーション処理を停止し、まるでパスデータで構成されたような、パキッとした平面デザインをモニターに映し出します。手書き風のノイズを排除し、デザインとして成立させる生成テクニックです。
#AIart #AIイラスト #SDXL","2025-12-05T09:21:02.000Z","https://x.com/br_d/status/1996872431643115709"
"https://pbs.twimg.com/profile_images/1946794985090592768/A3kj08Du_normal.jpg","romi_hoshino","星野ロミ 漫画村で捕まった人","AIに判断させて株を購入すれば半年で資産爆増する時代
人間が唯一AIに勝てる領域は長期目線の投資だったのにそれすら超えた模様
画像は予算10万ドルで半年AI運用した時の結果 https://t.co/uwD9TcYzaa","","2025-12-05T10:58:24.000Z","https://x.com/romi_hoshino/status/1996896934079222203"
"https://pbs.twimg.com/profile_images/1947577904185151491/PHHEIgqg_normal.jpg","shintaro_sprech","しんたろ。ソロプレナー","Claude Codeの
「自律型エージェント運用」に到達しました。

名付けて
【しんたろ。式：自律型オーケストレーション・エコシステム】

やることは「 /task 」コマンドを打つだけ。

あとはシステムが勝手に、
✅ 必要なエージェントを生成
✅ 優秀な能力を「いいとこ取り」で合体 https://t.co/Y2mZE6Omli","Claude Codeの
「自律型エージェント運用」に到達しました。

名付けて
【しんたろ。式：自律型オーケストレーション・エコシステム】

やることは「 /task 」コマンドを打つだけ。

あとはシステムが勝手に、
✅ 必要なエージェントを生成
✅ 優秀な能力を「いいとこ取り」で合体

これを繰り返し、「最強のエージェント」を無限にアップデートし続けます。

成長に天井はありません。

SFのようですが、フォルダを置くだけで導入可能。
構成をGitHubにまとめました。詳細はリプへ👇","2025-12-05T09:02:06.000Z","https://x.com/shintaro_sprech/status/1996867667588784468"
"https://pbs.twimg.com/profile_images/1176684077711101952/J_3O-vVd_normal.jpg","yukatan","ゆかたん/岡田有花","このDeNAのAI資料
「プロンプトの書き方」だけでもすっごい目からうろこでした。。。！！！！ https://t.co/qL2Ux9N01k","","2025-12-05T05:19:57.000Z","https://x.com/yukatan/status/1996811762797355288"
"https://pbs.twimg.com/profile_images/1962705645964345344/e5Fdo5Dj_normal.jpg","t_hirakawa","平川知秀@Claude CodeによるAI駆動開発入門","Claude Code v2.0.59 アップデート内容

あなたが知っておくべき度
▪️▪️▪️▪️▪️▪️▪️◻︎◻︎◻︎　7/10 

メインスレッドで特定のエージェントを最初から起動できるようになりました。

1 .--agent フラグをつけることでエージェントを直接立ち上げることが可能に
例：
claude --agent &lt;エージェント名&gt;","Claude Code v2.0.59 アップデート内容

あなたが知っておくべき度
▪️▪️▪️▪️▪️▪️▪️◻︎◻︎◻︎　7/10 

メインスレッドで特定のエージェントを最初から起動できるようになりました。

1 .--agent フラグをつけることでエージェントを直接立ち上げることが可能に
例：
claude --agent <エージェント名>

こんな使い方ができます。
```
# セキュリティレビュー専用のセッションを開始
claude --agent security-reviewer

# データベース専門家としてセッションを開始
claude --agent database-specialist
```

GitHubActionsやSDKで動かす時などに特に有効かと思います。

2. 設定ファイル`.claude/settings.json`でエージェントを指定できるようになりました。
メインスレッドを特定のエージェントとして始められます。
またパーミッションも一緒に設定可能です。

例：
```
{
  ""agent"": ""code-reviewer"",
  ""permissions"": {
    ""allow"": [""Read"", ""Edit"", ""Bash(npm:*)""]
  }
}
```
これでそのプロジェクト自体を特定のエージェントで動かせます。

例えば、ディレクトリ全体でログを解析してる、とか、フロントのみのプロジェクト、とかそう言う時に効果的かと思います。

3. VS Code拡張機能が .claude.json 設定ファイルを正しい場所から読み込まない問題を修正","2025-12-05T01:03:04.000Z","https://x.com/t_hirakawa/status/1996747113078878502"
"https://pbs.twimg.com/profile_images/1980664769574031360/Hke7Yhpv_normal.jpg","BakushouBuzzWWW","爆笑バズ動画","https://t.co/EFfqIkGGhg","","2025-12-05T03:08:11.000Z","https://x.com/BakushouBuzzWWW/status/1996778603061956681"
"https://pbs.twimg.com/profile_images/1922827796256260096/y1J5LHgC_normal.jpg","paper2parasol","じょーし","めっちゃよくまとまってるな、、、！！
これは初心者向けにとても良い記事。
https://t.co/5dcw75T5as #zenn","","2025-12-03T14:00:25.000Z","https://x.com/paper2parasol/status/1996217964631409092"
"https://pbs.twimg.com/profile_images/1959335013998329857/qnpHtZTW_normal.jpg","nero_sansei","ねろ","Gemini 3.0 Pro、Claude Opus 4.5に夢中だったけど、ChatGPTがリリースした「ショッピングリサーチ」機能が超使える。
このおかげでAmazonや楽天など何個もタブ開いて探す必要なくなった。ちなみに、物販プレイヤーはこれをリサーチで使って時間が稼げる。情報格差社会ですなww https://t.co/ZA4Y7SYZPW","","2025-12-04T02:11:48.000Z","https://x.com/nero_sansei/status/1996402025819759046"
"https://pbs.twimg.com/profile_images/1934446015060508672/S74zfgmH_normal.jpg","rk310117","佐藤 立樹｜Cone Inc.","LP改善の課題特定チャートです。「57％はファーストビューで離脱する」とも言われているので、とかくまずはファーストビューです。明らかに離脱が多い場合はちゃんと見たほうがいいと思います。そこから離脱率が高いセクション見たり、フォーム完了率上げたり等。でもやっぱ「顧客理解」で、自社の見込 https://t.co/SS2DKIvsLQ","LP改善の課題特定チャートです。「57％はファーストビューで離脱する」とも言われているので、とかくまずはファーストビューです。明らかに離脱が多い場合はちゃんと見たほうがいいと思います。そこから離脱率が高いセクション見たり、フォーム完了率上げたり等。でもやっぱ「顧客理解」で、自社の見込み顧客の課題をドンズバで刺す画像とコピーがまず大事。第一印象で半分決まるみたいなことですよね、たぶん。ちゃうか。しらんけど。","2025-12-03T02:54:00.000Z","https://x.com/rk310117/status/1996050255159460038"
"https://pbs.twimg.com/profile_images/1988044587756384261/pfQfb7Sq_normal.jpg","mattiapomelli","Mattia","Still can't believe AI designed this (prompt below) https://t.co/6u3qdwE5EJ","","2025-12-02T09:20:33.000Z","https://x.com/mattiapomelli/status/1995785147044548880"
"https://pbs.twimg.com/profile_images/1712047035745226752/fTlo6SmL_normal.jpg","taiga_kk322","taiga","エンジニアとしてのプライドなどなく、AI駆動頑張ってるワイですが、これはなかなか厳しいと思います。

もちろん共感する部分もありつつ、「設計さえ入れればAIが完璧にコード出してくる」は、現場で見るとかなり条件付きだなとも感じてます。","エンジニアとしてのプライドなどなく、AI駆動頑張ってるワイですが、これはなかなか厳しいと思います。

もちろん共感する部分もありつつ、「設計さえ入れればAIが完璧にコード出してくる」は、現場で見るとかなり条件付きだなとも感じてます。
後方互換性を勝手に守ろうとしたり、逆に壊したり、イメージと違ったり、モデルごとのクセも強いので、並列駆動をしたとしても結局、人のレビューがボトルネックになるケースはどうしてもあります（これはルールファイルを書こうが設計しようがどうしようもない）

あと作れる／作れないで語られがちですが、実プロダクトだと

・応答速度をどこまで攻めるか
・機能追加や変更が容易な構成になってるか
・インフラコストとのトレードオフ
・セキュリティ／脆弱性対応

みたいな部分の方がしんどくて、ここはまだAI丸投げにはしづらいなと。
AIは間違いなく開発をブーストしてくれるけど、「あのレベルを簡単に作れる」とまでは、AI駆動ゴリゴリやってる身からすると正直言えない感覚です。

ついでに
Omakase AI自身もAIを駆使してプロダクトのアップデートをとんでもないスピードで行ってるので
それに追いつこうとするとかなり厳しいんじゃないですかね。","2025-12-04T00:25:16.000Z","https://x.com/taiga_kk322/status/1996375215220400243"
"https://pbs.twimg.com/profile_images/1910973572828262400/BuGmeiuu_normal.jpg","bico9999","モリタカ","AI時代に強いエンジニアは
""人間にしかできない仕事""に集中してるんだよな。

コードはAIでいくらでも書けるが、
AIは「顧客の本音」や「現場の空気感」 を理解できない。

だからこそ人間の仕事は、

・プロダクトの「意図」を読み解くこと
・ユーザー価値を「設計」すること","AI時代に強いエンジニアは
""人間にしかできない仕事""に集中してるんだよな。

コードはAIでいくらでも書けるが、
AIは「顧客の本音」や「現場の空気感」 を理解できない。

だからこそ人間の仕事は、

・プロダクトの「意図」を読み解くこと
・ユーザー価値を「設計」すること
・本質的な課題を「言語化」すること

といった”解像度の高さ”で勝負する領域に移る。

これからの時代、AIにできることは全てAIに任せ、浮いた時間で「価値の本質」を磨くことができるエンジニアだけが生き残るのだ。","2025-12-03T10:22:35.000Z","https://x.com/bico9999/status/1996163147057811545"
"https://pbs.twimg.com/profile_images/1098613826709348353/_9_0Nd2X_normal.png","MengTo","Meng To","How I created these landing pages with Gemini 3 from start to finish

First, I start with the hero section. It includes the nav bar, eyebrow, headline, subheadline, cta, social proof and visual. I spend 50% of the time here because it sets the colors, typography, spacing, which https://t.co/W0NfCbi3SX","How I created these landing pages with Gemini 3 from start to finish

First, I start with the hero section. It includes the nav bar, eyebrow, headline, subheadline, cta, social proof and visual. I spend 50% of the time here because it sets the colors, typography, spacing, which AI uses for the rest of the site consistently.

“Create the hero section for my {app} called {name} in the style of {reference_site}”.

Pro tip: use a screenshot and you’ll get way better results.

Let’s get into the details.

For icons, I prompt: “Use Iconify {icon set name}”. Most people use Lucide, but there are hundreds of open-source sets on Iconify like Solar, HeroIcons, Iconoir, Phosphor, etc. Just need to mention in the prompt. Same for custom fonts.

For the animation, I prompt: “Animate fade in, slide in, blur in, element by element. Use 'both' instead of 'forwards'. Don't use opacity 0.”. This creates a subtle intro animation the first time users land on your page.

Gemini 3 is an excellent animator. For example, I created the beam animation with this prompt: “Add noodles that connect and beam animate into the right circle. Add subtle details to the right beam animation circle with sonar and decorations.”

For background animation, I use Unicorn Studio. Remix one of their templates and watch people click on your cover like crazy. What can I say, people love lasers.

In the hero or right below it, social proof is super important. You can put ratings or logos, or both. For logos, you can prompt: “Animate the logos with marquee animation looping infinitely using duplicated items and alpha mask.”.

Now the CTA. AI always creates basic buttons, which is fine 99% of the time. But Gemini 3 now sets a high bar for baseline design, so you will need to stand out. That’s why I put the extra human touch on animations and lickable buttons. I suggest browsing UIVerse and Codepen for buttons and reference the code in your prompt: “Change main button {code} and secondary button {code}. Add a 1px border beam animation around the pill-shaped main button on hover.”.

Once you’re happy with the hero, you’ll want to craft new sections based on your business. Features, action plan, pricing, testimonials, FAQ, CTA and footer are the popular ones. Insert a screenshot and prompt “Adapt a new section, change texts, names and numbers”. Gemini 3 is very smart. It reads your existing styles and site concept and will tastefully mold new designs to fit perfectly into your current site.

Finally, repeat the same prompts for icons, buttons and animations. Use midjourney images and remix using Nano Banana Pro. Ask ChatGPT to come up with better headlines, features, ctas, etc. Don’t skip the human part, this is where you’re irreplaceable. Start prompting top-tier landing pages and watch your numbers grow.","2025-12-02T14:40:12.000Z","https://x.com/MengTo/status/1995865589446054102"
"https://pbs.twimg.com/profile_images/1127449701521940480/41WTUzhP_normal.jpg","Fumiya_Kume","Kuu🍣","Claude for Chrome、ブラウジング代行させてると自分の検索能力が退化してる気がする。もう戻れない。

ついにTwitter巡回までやらせて、このツイートもやらせてる","","2025-12-02T14:57:02.000Z","https://x.com/Fumiya_Kume/status/1995869824615153955"
"https://pbs.twimg.com/profile_images/1648542267404345345/1K4zxJC1_normal.jpg","sawakichi007_g","澤登陽吉｜セールスライター","無料ヒートマップツールのMicrosoft clarityがAI対応して個別アドバイスくれるようになってる。 https://t.co/fctJFt1MMC","","2025-12-02T08:30:02.000Z","https://x.com/sawakichi007_g/status/1995772432771387435"
"https://pbs.twimg.com/profile_images/1865525730311798785/k2grRlxz_normal.jpg","tegnike","ニケちゃん","これのプロンプトです

```
以下のフローチャート仕様に基づき、VisioのFlowchartテンプレート風で、モダンなデザインのフロー図を画像として生成してください。 

【デザイン仕様】

■ レイアウト
- 全体のフローは縦方向（トップダウン）で統一する。
-","これのプロンプトです

```
以下のフローチャート仕様に基づき、VisioのFlowchartテンプレート風で、モダンなデザインのフロー図を画像として生成してください。 

【デザイン仕様】

■ レイアウト
- 全体のフローは縦方向（トップダウン）で統一する。
- マーメイド記法内で定義された「participant」ごとに、縦のスイムレーンを1つずつ配置する。
- スイムレーンの枠線は薄いグレー（# CCCCCC）、背景は白。
- 各ステップは、対応する participant のスイムレーン内に必ず配置する。

■ 図形スタイル
- プロセス：角丸長方形（Rounded Rectangle）、塗り白、枠線 # 4A90E2、影は軽く。
- 自動処理や内部処理と推定されるステップ（participant 自身への矢印や自己呼び出しなど）：淡いブルー (# E8F1FF) の角丸長方形。
- 外部からの入力や受信と推定されるステップ（他 participant からのメッセージ）：淡いグリーン (# E9F7EC) の角丸長方形。
- 条件分岐（alt / else / opt などのブロック）は菱形（Diamond）を使い、枠線色 # 7B61FF。
- 図形内テキストは中央揃え。

■ 矢印（フローライン）
- すべて直線または 90 度折れ線で統一し、色はダークグレー（# 555555）。
- 矢印ヘッドは明確で視認性の高いスタイルにする。
- 条件分岐は菱形の下から左右に分岐する Visio 標準構造を採用し、alt / else ラベルを付与する。

■ アイコン
- 図形左上に、処理の性質を示すフラットアイコンを小さく配置する（例：人物、サーバー、AI、入出力、プロセスなど）。
- アイコンの線幅は 1.5〜2px、統一感を持たせる。
- アイコンの具体的種類は participant 名や処理内容に応じて自動的に適切なものを割り当てる。

■ 色の統一
- 背景：淡いグレー（# F7F7F7）
- 一般プロセス：白
- 内部処理（自動／自己呼び出し）：淡いブルー (# E8F1FF)
- 受信／入力類：淡いグリーン (# E9F7EC)
- 分岐ラベル：濃いグレー (#444444)

■ フォント
- サンセリフ体（Segoe UI, Helvetica, Noto Sans など）
- 図形内テキスト：18px前後
- ラベル（alt, else, opt）：14px

■ スペーシング
- 図形間の垂直距離は 40〜60px に統一。
- スイムレーンは均等な幅で揃える。
- 全体のマージンを確保し、図形の水平位置は揃えて整然と配置する。

■ 全体の雰囲気
- モダンでシンプルな UI 風デザイン。
- 装飾を少なめに抑え、視認性重視。
- 影はごく軽く、過度な立体表現は避ける。
- 全体形状のバランスと整列を明確に保つ。

<最後にマーメイド記法とかを追記>
```","2025-12-02T23:12:51.000Z","https://x.com/tegnike/status/1995994601279422532"
"https://pbs.twimg.com/profile_images/1978745081382461440/Q_UKRc6G_normal.jpg","showheyohtaki","大滝昇平@デイトラ代表 | 累計受講生数30,000人突破","🔽そんな ""AIによる情報漏洩"" や ""プライバシー侵害"" を心配しなくてもいいように、フリーランスや一人社長にも『Google Workspace』の契約を強くオススメしたい！

月額950円から使えるGoogle Workspaceを契約することで、Workspaceユーザーの入力データはGeminiの学習に利用されなくなります💡 https://t.co/qLPNYmHzyN","🔽そんな ""AIによる情報漏洩"" や ""プライバシー侵害"" を心配しなくてもいいように、フリーランスや一人社長にも『Google Workspace』の契約を強くオススメしたい！

月額950円から使えるGoogle Workspaceを契約することで、Workspaceユーザーの入力データはGeminiの学習に利用されなくなります💡

✅個人版のChatGPTやGemini
ユーザーとの会話内容はAIの品質向上のための「学習データ」として利用される可能性があります。（これが情報漏洩リスク）

✅Google Workspace契約者のGemini
企業利用を前提としているため、「ユーザーのデータはユーザーの許可なく、AIモデルのトレーニングや人間によるレビューに使用されない」と明記されています。
https://t.co/n2pxMkvP2X

さらにWorkspaceの『Standard』プランなら、月額たった1600~1900円なのに、すべての主要アプリでGeminiが使えるようになります🎉

Gmail、Googleドキュメント、スプレッドシート、スライドなどにGeminiが常駐して作成補助してくれます。

また、Google Meetで会議をすれば、議事録も自動で作成してくれますよ！

さらに！Notebook LMを社内メンバーでシェアしてナレッジ共有するのも簡単✨

AI関連以外にも
✉️Gmail：独自ドメインでビジネスメールが使える
🌐Google Drive：大容量クラウドストレージ
💬Google Meet：時間制限なし、録画＆ノイズキャンセリング付のMeetに最大150名まで参加可能
🎨Googleドキュメント・スプレッドシート・スライド：リアルタイム共同編集ができる

こんなメリットが盛りだくさんです🙌

これ全部込みでひと月1,600円、1ユーザーから契約できるのは破格...！

特にStandardプラン以上がオススメなので、Workspaceを使ったことがない方はぜひ利用してみてください👍

（ただ個人的に愛用してるだけで、PRでも何でもありません笑）","2025-12-01T13:48:31.000Z","https://x.com/showheyohtaki/status/1995490195022467351"
"https://pbs.twimg.com/profile_images/1127449701521940480/41WTUzhP_normal.jpg","Fumiya_Kume","Kuu🍣","https://t.co/vfj0QkeZl5 の改善を Claude Code にやらせる方法
```read https://t.co/kRdvxS3Bzn and improve @CLAUDE.md```","","2025-12-02T10:17:09.000Z","https://x.com/Fumiya_Kume/status/1995799389474881913"
"https://pbs.twimg.com/profile_images/1800905718997864448/qdHxO3Qu_normal.jpg","yachimat_manga","yachimat - AI Short Anime","Nanobanana Pro からスプライトでGif動画作れるツールを作りました

これは…ヤバいです🤣特にクレジットの溶けが
単純に16マス作らせてGifにしてるだけなのでお手元のGoogle Buildとかでもv0でも作れると思いますが、まあ楽しい🔥

動画生成じゃないのでいい感じにカクつくし、味があるしもー好き😻 https://t.co/U8Lyw2JvsK","Nanobanana Pro からスプライトでGif動画作れるツールを作りました

これは…ヤバいです🤣特にクレジットの溶けが
単純に16マス作らせてGifにしてるだけなのでお手元のGoogle Buildとかでもv0でも作れると思いますが、まあ楽しい🔥

動画生成じゃないのでいい感じにカクつくし、味があるしもー好き😻

🍌生成スピード、API直打ちだとほんとに速いですね。時間帯のせい？サクサク作れちゃうからマジで浪費してしまう

＠HiggsField_AI で作って別途GIFにするとかやってたんですが、無駄に時間がかかるので自作しました。

欲しい人います？多そうだったらアプリもGithubも含めて公開します！","2025-12-01T03:00:09.000Z","https://x.com/yachimat_manga/status/1995327026782470334"
"https://pbs.twimg.com/profile_images/713647711115997184/k67sLpz-_normal.jpg","yu__ya4","Yuya Matsumura","高いレベルの実践を通してAIの性質を理解した上で、めちゃくちゃ正しく使いこなされていると感じた。

そして""ジュニア""エンジニアでは全くないと思った。

実装の 9 割を AI に任せる。食べログのジュニアエンジニアが構築した AI 連携開発フロー - Tabelog Tech Blog https://t.co/mD3RHwx24Y","","2025-12-02T00:11:18.000Z","https://x.com/yu__ya4/status/1995646923840356836"
"https://pbs.twimg.com/profile_images/1520708069570715650/3zfSWDuB_normal.jpg","nbykos","NOBU","今のXアルゴリズムは極めて局地的にインプが配られている印象で、そのタイムスパンもかなり短い。
伸びる投稿は1~2日にわたって伸びるが、それもごく一部に限られる。そして、そのままスパッと消える。他の投稿に流れない。

元からこういうタイプのSNSとはいえ、それにしても流れが早すぎる。","今のXアルゴリズムは極めて局地的にインプが配られている印象で、そのタイムスパンもかなり短い。
伸びる投稿は1~2日にわたって伸びるが、それもごく一部に限られる。そして、そのままスパッと消える。他の投稿に流れない。

元からこういうタイプのSNSとはいえ、それにしても流れが早すぎる。

ただ下剋上しやすくなっていると思う。新しい人でも注目されやすい。
重要な指標がシェアに変わったというのも、新規参入者を増やすことに重点を置いているからだろう。

また、伸びそうな投稿はちゃんと伸びているのも事実だ。質を出せる人はインプレッションを獲得しやすいのではないか。

ただ数年取り組んできた身としては、フォロワーもインプレッションも都度のものとなり、資産とは言えなくなったと思う。毎回一球入魂で新しいプロモーションを打ち続けている感じ。

投稿ごとで評価されて、
前に何をやっていたのか関係ない。

フロントエンドとしては今後も使うし機能もするだろう。
しかし、資産性という観点ではYouTubeとnote, エンゲージメントという点でもニュースレターやポッドキャストに軸足を移した方が良いだろうと思った。","2025-11-30T21:10:09.000Z","https://x.com/nbykos/status/1995238948336242787"
"https://pbs.twimg.com/profile_images/1977551092188934144/zXOWsNEf_normal.jpg","Tatsuro_AISales","ほしの｜脳筋AIライター","革命が起きました。『Gemini』×『Gem』で超高品質のSEO記事を3分で量産できるようになりました。Gemに２万文字のプロンプトと3万文字のSEOナレッジを搭載することで最高品質の記事ができます。ここから自分自身の手でリライトして魂（E-E-A-T）を注入します。1分だけ動画を見てみてください。 https://t.co/XzsWygDZ4N","革命が起きました。『Gemini』×『Gem』で超高品質のSEO記事を3分で量産できるようになりました。Gemに２万文字のプロンプトと3万文字のSEOナレッジを搭載することで最高品質の記事ができます。ここから自分自身の手でリライトして魂（E-E-A-T）を注入します。1分だけ動画を見てみてください。 

 衝撃をうけます⤵","2025-11-30T21:43:12.000Z","https://x.com/Tatsuro_AISales/status/1995247264005304353"
"https://pbs.twimg.com/profile_images/1960361591444213760/CQ8A-PiW_normal.jpg","ytiskw","石川陽太 Yota Ishikawa","DeepSeekの新モデル、これは革命的。

性能がGemini 3 ProやGPT 5.1 に匹敵、というか一部超えているモデルをリリースしただけでもすごいんだが、なんと出力コストが20倍以上も安い。これだけの差があると質的な違いが生まれるので応用先がまた広がっていきそう。またゲームが変わった。 https://t.co/a8wLW6N5Xl","DeepSeekの新モデル、これは革命的。

性能がGemini 3 ProやGPT 5.1 に匹敵、というか一部超えているモデルをリリースしただけでもすごいんだが、なんと出力コストが20倍以上も安い。これだけの差があると質的な違いが生まれるので応用先がまた広がっていきそう。またゲームが変わった。","2025-12-01T13:20:05.000Z","https://x.com/ytiskw/status/1995483040584470765"